,train_loss,valid_loss
0,0.002251637404564401,0.0010208202967469857
